{
  "playerShieldMax": 50,
  "playerAttack": 0.009999999776482582,
  "playerDefense": 0.009999999776482582,
  "playerMoney": 500,
  "playerHPMax": 100
}